student_1,first_name_1,last_name_1
student_2,first_name_2,last_name_2
student_3,first_name_3,last_name_3
student_4,first_name_4,last_name_4
student_5,first_name_5,last_name_5
student_6,first_name_6,last_name_6
student_7,first_name_7,last_name_7
student_8,first_name_8,last_name_8
student_9,first_name_9,last_name_9
student_10,first_name_10,last_name_10
student_11,first_name_11,last_name_11
student_12,first_name_12,last_name_12
student_13,first_name_13,last_name_13
student_14,first_name_14,last_name_14
student_15,first_name_15,last_name_15
student_16,first_name_16,last_name_16
student_17,first_name_17,last_name_17
student_18,first_name_18,last_name_18
student_19,first_name_19,last_name_19
student_20,first_name_20,last_name_20
student_21,first_name_21,last_name_21
student_22,first_name_22,last_name_22
student_23,first_name_23,last_name_23
student_24,first_name_24,last_name_24
student_25,first_name_25,last_name_25
student_26,first_name_26,last_name_26
student_27,first_name_27,last_name_27
student_28,first_name_28,last_name_28
student_29,first_name_29,last_name_29
student_30,first_name_30,last_name_30
student_31,first_name_31,last_name_31
student_32,first_name_32,last_name_32
student_33,first_name_33,last_name_33
student_34,first_name_34,last_name_34
student_35,first_name_35,last_name_35
student_36,first_name_36,last_name_36
student_37,first_name_37,last_name_37
student_38,first_name_38,last_name_38
student_39,first_name_39,last_name_39
student_40,first_name_40,last_name_40
student_41,first_name_41,last_name_41
student_42,first_name_42,last_name_42
student_43,first_name_43,last_name_43
student_44,first_name_44,last_name_44
student_45,first_name_45,last_name_45
student_46,first_name_46,last_name_46
student_47,first_name_47,last_name_47
student_48,first_name_48,last_name_48
student_49,first_name_49,last_name_49
student_50,first_name_50,last_name_50
student_51,first_name_51,last_name_51
student_52,first_name_52,last_name_52
student_53,first_name_53,last_name_53
student_54,first_name_54,last_name_54
student_55,first_name_55,last_name_55
student_56,first_name_56,last_name_56
student_57,first_name_57,last_name_57
student_58,first_name_58,last_name_58
student_59,first_name_59,last_name_59
student_60,first_name_60,last_name_60
student_61,first_name_61,last_name_61
student_62,first_name_62,last_name_62
student_63,first_name_63,last_name_63
student_64,first_name_64,last_name_64
student_65,first_name_65,last_name_65
student_66,first_name_66,last_name_66
student_67,first_name_67,last_name_67
student_68,first_name_68,last_name_68
student_69,first_name_69,last_name_69
student_70,first_name_70,last_name_70
student_71,first_name_71,last_name_71
student_72,first_name_72,last_name_72
student_73,first_name_73,last_name_73
student_74,first_name_74,last_name_74
student_75,first_name_75,last_name_75
student_76,first_name_76,last_name_76
student_77,first_name_77,last_name_77
student_78,first_name_78,last_name_78
student_79,first_name_79,last_name_79
student_80,first_name_80,last_name_80
student_81,first_name_81,last_name_81
student_82,first_name_82,last_name_82
student_83,first_name_83,last_name_83
student_84,first_name_84,last_name_84
student_85,first_name_85,last_name_85
student_86,first_name_86,last_name_86
student_87,first_name_87,last_name_87
student_88,first_name_88,last_name_88
student_89,first_name_89,last_name_89
student_90,first_name_90,last_name_90
student_91,first_name_91,last_name_91
student_92,first_name_92,last_name_92
student_93,first_name_93,last_name_93
student_94,first_name_94,last_name_94
student_95,first_name_95,last_name_95
student_96,first_name_96,last_name_96
student_97,first_name_97,last_name_97
student_98,first_name_98,last_name_98
student_99,first_name_99,last_name_99
student_100,first_name_100,last_name_100
student_101,first_name_101,last_name_101
student_102,first_name_102,last_name_102
student_103,first_name_103,last_name_103
student_104,first_name_104,last_name_104
student_105,first_name_105,last_name_105
student_106,first_name_106,last_name_106
student_107,first_name_107,last_name_107
student_108,first_name_108,last_name_108
student_109,first_name_109,last_name_109
student_110,first_name_110,last_name_110
student_111,first_name_111,last_name_111
student_112,first_name_112,last_name_112
student_113,first_name_113,last_name_113
student_114,first_name_114,last_name_114
student_115,first_name_115,last_name_115
student_116,first_name_116,last_name_116
student_117,first_name_117,last_name_117
student_118,first_name_118,last_name_118
student_119,first_name_119,last_name_119
student_120,first_name_120,last_name_120
student_121,first_name_121,last_name_121
student_122,first_name_122,last_name_122
student_123,first_name_123,last_name_123
student_124,first_name_124,last_name_124
student_125,first_name_125,last_name_125
student_126,first_name_126,last_name_126
student_127,first_name_127,last_name_127
student_128,first_name_128,last_name_128
student_129,first_name_129,last_name_129
student_130,first_name_130,last_name_130
student_131,first_name_131,last_name_131
student_132,first_name_132,last_name_132
student_133,first_name_133,last_name_133
student_134,first_name_134,last_name_134
student_135,first_name_135,last_name_135
student_136,first_name_136,last_name_136
student_137,first_name_137,last_name_137
student_138,first_name_138,last_name_138
student_139,first_name_139,last_name_139
student_140,first_name_140,last_name_140
student_141,first_name_141,last_name_141
student_142,first_name_142,last_name_142
student_143,first_name_143,last_name_143
student_144,first_name_144,last_name_144
student_145,first_name_145,last_name_145
student_146,first_name_146,last_name_146
student_147,first_name_147,last_name_147
student_148,first_name_148,last_name_148
student_149,first_name_149,last_name_149
student_150,first_name_150,last_name_150
student_151,first_name_151,last_name_151
student_152,first_name_152,last_name_152
student_153,first_name_153,last_name_153
student_154,first_name_154,last_name_154
student_155,first_name_155,last_name_155
student_156,first_name_156,last_name_156
student_157,first_name_157,last_name_157
student_158,first_name_158,last_name_158
student_159,first_name_159,last_name_159
student_160,first_name_160,last_name_160
student_161,first_name_161,last_name_161
student_162,first_name_162,last_name_162
student_163,first_name_163,last_name_163
student_164,first_name_164,last_name_164
student_165,first_name_165,last_name_165
student_166,first_name_166,last_name_166
student_167,first_name_167,last_name_167
student_168,first_name_168,last_name_168
student_169,first_name_169,last_name_169
student_170,first_name_170,last_name_170
student_171,first_name_171,last_name_171
student_172,first_name_172,last_name_172
student_173,first_name_173,last_name_173
student_174,first_name_174,last_name_174
student_175,first_name_175,last_name_175
student_176,first_name_176,last_name_176
student_177,first_name_177,last_name_177
student_178,first_name_178,last_name_178
student_179,first_name_179,last_name_179
student_180,first_name_180,last_name_180
student_181,first_name_181,last_name_181
student_182,first_name_182,last_name_182
student_183,first_name_183,last_name_183
student_184,first_name_184,last_name_184
student_185,first_name_185,last_name_185
student_186,first_name_186,last_name_186
student_187,first_name_187,last_name_187
student_188,first_name_188,last_name_188
student_189,first_name_189,last_name_189
student_190,first_name_190,last_name_190
student_191,first_name_191,last_name_191
student_192,first_name_192,last_name_192
student_193,first_name_193,last_name_193
student_194,first_name_194,last_name_194
student_195,first_name_195,last_name_195
student_196,first_name_196,last_name_196
student_197,first_name_197,last_name_197
student_198,first_name_198,last_name_198
student_199,first_name_199,last_name_199
student_200,first_name_200,last_name_200
student_201,first_name_201,last_name_201
student_202,first_name_202,last_name_202
student_203,first_name_203,last_name_203
student_204,first_name_204,last_name_204
student_205,first_name_205,last_name_205
student_206,first_name_206,last_name_206
student_207,first_name_207,last_name_207
student_208,first_name_208,last_name_208
student_209,first_name_209,last_name_209
student_210,first_name_210,last_name_210
student_211,first_name_211,last_name_211
student_212,first_name_212,last_name_212
student_213,first_name_213,last_name_213
student_214,first_name_214,last_name_214
student_215,first_name_215,last_name_215
student_216,first_name_216,last_name_216
student_217,first_name_217,last_name_217
student_218,first_name_218,last_name_218
student_219,first_name_219,last_name_219
student_220,first_name_220,last_name_220
student_221,first_name_221,last_name_221
student_222,first_name_222,last_name_222
student_223,first_name_223,last_name_223
student_224,first_name_224,last_name_224
student_225,first_name_225,last_name_225
student_226,first_name_226,last_name_226
student_227,first_name_227,last_name_227
student_228,first_name_228,last_name_228
student_229,first_name_229,last_name_229
student_230,first_name_230,last_name_230
student_231,first_name_231,last_name_231
student_232,first_name_232,last_name_232
student_233,first_name_233,last_name_233
student_234,first_name_234,last_name_234
student_235,first_name_235,last_name_235
student_236,first_name_236,last_name_236
student_237,first_name_237,last_name_237
student_238,first_name_238,last_name_238
student_239,first_name_239,last_name_239
student_240,first_name_240,last_name_240
student_241,first_name_241,last_name_241
student_242,first_name_242,last_name_242
student_243,first_name_243,last_name_243
student_244,first_name_244,last_name_244
student_245,first_name_245,last_name_245
student_246,first_name_246,last_name_246
student_247,first_name_247,last_name_247
student_248,first_name_248,last_name_248
student_249,first_name_249,last_name_249
student_250,first_name_250,last_name_250
student_251,first_name_251,last_name_251
student_252,first_name_252,last_name_252
student_253,first_name_253,last_name_253
student_254,first_name_254,last_name_254
student_255,first_name_255,last_name_255
student_256,first_name_256,last_name_256
student_257,first_name_257,last_name_257
student_258,first_name_258,last_name_258
student_259,first_name_259,last_name_259
student_260,first_name_260,last_name_260
student_261,first_name_261,last_name_261
student_262,first_name_262,last_name_262
student_263,first_name_263,last_name_263
student_264,first_name_264,last_name_264
student_265,first_name_265,last_name_265
student_266,first_name_266,last_name_266
student_267,first_name_267,last_name_267
student_268,first_name_268,last_name_268
student_269,first_name_269,last_name_269
student_270,first_name_270,last_name_270
student_271,first_name_271,last_name_271
student_272,first_name_272,last_name_272
student_273,first_name_273,last_name_273
student_274,first_name_274,last_name_274
student_275,first_name_275,last_name_275
student_276,first_name_276,last_name_276
student_277,first_name_277,last_name_277
student_278,first_name_278,last_name_278
student_279,first_name_279,last_name_279
student_280,first_name_280,last_name_280
student_281,first_name_281,last_name_281
student_282,first_name_282,last_name_282
student_283,first_name_283,last_name_283
student_284,first_name_284,last_name_284
student_285,first_name_285,last_name_285
student_286,first_name_286,last_name_286
student_287,first_name_287,last_name_287
student_288,first_name_288,last_name_288
student_289,first_name_289,last_name_289
student_290,first_name_290,last_name_290
student_291,first_name_291,last_name_291
student_292,first_name_292,last_name_292
student_293,first_name_293,last_name_293
student_294,first_name_294,last_name_294
student_295,first_name_295,last_name_295
student_296,first_name_296,last_name_296
student_297,first_name_297,last_name_297
student_298,first_name_298,last_name_298
student_299,first_name_299,last_name_299
student_300,first_name_300,last_name_300
student_301,first_name_301,last_name_301
student_302,first_name_302,last_name_302
student_303,first_name_303,last_name_303
student_304,first_name_304,last_name_304
student_305,first_name_305,last_name_305
student_306,first_name_306,last_name_306
student_307,first_name_307,last_name_307
student_308,first_name_308,last_name_308
student_309,first_name_309,last_name_309
student_310,first_name_310,last_name_310
student_311,first_name_311,last_name_311
student_312,first_name_312,last_name_312
student_313,first_name_313,last_name_313
student_314,first_name_314,last_name_314
student_315,first_name_315,last_name_315
student_316,first_name_316,last_name_316
student_317,first_name_317,last_name_317
student_318,first_name_318,last_name_318
student_319,first_name_319,last_name_319
student_320,first_name_320,last_name_320
student_321,first_name_321,last_name_321
student_322,first_name_322,last_name_322
student_323,first_name_323,last_name_323
student_324,first_name_324,last_name_324
student_325,first_name_325,last_name_325
student_326,first_name_326,last_name_326
student_327,first_name_327,last_name_327
student_328,first_name_328,last_name_328
student_329,first_name_329,last_name_329
student_330,first_name_330,last_name_330
student_331,first_name_331,last_name_331
student_332,first_name_332,last_name_332
student_333,first_name_333,last_name_333
student_334,first_name_334,last_name_334
student_335,first_name_335,last_name_335
student_336,first_name_336,last_name_336
student_337,first_name_337,last_name_337
student_338,first_name_338,last_name_338
student_339,first_name_339,last_name_339
student_340,first_name_340,last_name_340
student_341,first_name_341,last_name_341
student_342,first_name_342,last_name_342
student_343,first_name_343,last_name_343
student_344,first_name_344,last_name_344
student_345,first_name_345,last_name_345
student_346,first_name_346,last_name_346
student_347,first_name_347,last_name_347
student_348,first_name_348,last_name_348
student_349,first_name_349,last_name_349
student_350,first_name_350,last_name_350
student_351,first_name_351,last_name_351
student_352,first_name_352,last_name_352
student_353,first_name_353,last_name_353
student_354,first_name_354,last_name_354
student_355,first_name_355,last_name_355
student_356,first_name_356,last_name_356
student_357,first_name_357,last_name_357
student_358,first_name_358,last_name_358
student_359,first_name_359,last_name_359
student_360,first_name_360,last_name_360
student_361,first_name_361,last_name_361
student_362,first_name_362,last_name_362
student_363,first_name_363,last_name_363
student_364,first_name_364,last_name_364
student_365,first_name_365,last_name_365
student_366,first_name_366,last_name_366
student_367,first_name_367,last_name_367
student_368,first_name_368,last_name_368
student_369,first_name_369,last_name_369
student_370,first_name_370,last_name_370
student_371,first_name_371,last_name_371
student_372,first_name_372,last_name_372
student_373,first_name_373,last_name_373
student_374,first_name_374,last_name_374
student_375,first_name_375,last_name_375
student_376,first_name_376,last_name_376
student_377,first_name_377,last_name_377
student_378,first_name_378,last_name_378
student_379,first_name_379,last_name_379
student_380,first_name_380,last_name_380
student_381,first_name_381,last_name_381
student_382,first_name_382,last_name_382
student_383,first_name_383,last_name_383
student_384,first_name_384,last_name_384
student_385,first_name_385,last_name_385
student_386,first_name_386,last_name_386
student_387,first_name_387,last_name_387
student_388,first_name_388,last_name_388
student_389,first_name_389,last_name_389
student_390,first_name_390,last_name_390
student_391,first_name_391,last_name_391
student_392,first_name_392,last_name_392
student_393,first_name_393,last_name_393
student_394,first_name_394,last_name_394
student_395,first_name_395,last_name_395
student_396,first_name_396,last_name_396
student_397,first_name_397,last_name_397
student_398,first_name_398,last_name_398
student_399,first_name_399,last_name_399
student_400,first_name_400,last_name_400
student_401,first_name_401,last_name_401
student_402,first_name_402,last_name_402
student_403,first_name_403,last_name_403
student_404,first_name_404,last_name_404
student_405,first_name_405,last_name_405
student_406,first_name_406,last_name_406
student_407,first_name_407,last_name_407
student_408,first_name_408,last_name_408
student_409,first_name_409,last_name_409
student_410,first_name_410,last_name_410
student_411,first_name_411,last_name_411
student_412,first_name_412,last_name_412
student_413,first_name_413,last_name_413
student_414,first_name_414,last_name_414
student_415,first_name_415,last_name_415
student_416,first_name_416,last_name_416
student_417,first_name_417,last_name_417
student_418,first_name_418,last_name_418
student_419,first_name_419,last_name_419
student_420,first_name_420,last_name_420
student_421,first_name_421,last_name_421
student_422,first_name_422,last_name_422
student_423,first_name_423,last_name_423
student_424,first_name_424,last_name_424
student_425,first_name_425,last_name_425
student_426,first_name_426,last_name_426
student_427,first_name_427,last_name_427
student_428,first_name_428,last_name_428
student_429,first_name_429,last_name_429
student_430,first_name_430,last_name_430
student_431,first_name_431,last_name_431
student_432,first_name_432,last_name_432
student_433,first_name_433,last_name_433
student_434,first_name_434,last_name_434
student_435,first_name_435,last_name_435
student_436,first_name_436,last_name_436
student_437,first_name_437,last_name_437
student_438,first_name_438,last_name_438
student_439,first_name_439,last_name_439
student_440,first_name_440,last_name_440
student_441,first_name_441,last_name_441
student_442,first_name_442,last_name_442
student_443,first_name_443,last_name_443
student_444,first_name_444,last_name_444
student_445,first_name_445,last_name_445
student_446,first_name_446,last_name_446
student_447,first_name_447,last_name_447
student_448,first_name_448,last_name_448
student_449,first_name_449,last_name_449
student_450,first_name_450,last_name_450
student_451,first_name_451,last_name_451
student_452,first_name_452,last_name_452
student_453,first_name_453,last_name_453
student_454,first_name_454,last_name_454
student_455,first_name_455,last_name_455
student_456,first_name_456,last_name_456
student_457,first_name_457,last_name_457
student_458,first_name_458,last_name_458
student_459,first_name_459,last_name_459
student_460,first_name_460,last_name_460
student_461,first_name_461,last_name_461
student_462,first_name_462,last_name_462
student_463,first_name_463,last_name_463
student_464,first_name_464,last_name_464
student_465,first_name_465,last_name_465
student_466,first_name_466,last_name_466
student_467,first_name_467,last_name_467
student_468,first_name_468,last_name_468
student_469,first_name_469,last_name_469
student_470,first_name_470,last_name_470
student_471,first_name_471,last_name_471
student_472,first_name_472,last_name_472
student_473,first_name_473,last_name_473
student_474,first_name_474,last_name_474
student_475,first_name_475,last_name_475
student_476,first_name_476,last_name_476
student_477,first_name_477,last_name_477
student_478,first_name_478,last_name_478
student_479,first_name_479,last_name_479
student_480,first_name_480,last_name_480
student_481,first_name_481,last_name_481
student_482,first_name_482,last_name_482
student_483,first_name_483,last_name_483
student_484,first_name_484,last_name_484
student_485,first_name_485,last_name_485
student_486,first_name_486,last_name_486
student_487,first_name_487,last_name_487
student_488,first_name_488,last_name_488
student_489,first_name_489,last_name_489
student_490,first_name_490,last_name_490
student_491,first_name_491,last_name_491
student_492,first_name_492,last_name_492
student_493,first_name_493,last_name_493
student_494,first_name_494,last_name_494
student_495,first_name_495,last_name_495
student_496,first_name_496,last_name_496
student_497,first_name_497,last_name_497
student_498,first_name_498,last_name_498
student_499,first_name_499,last_name_499
student_500,first_name_500,last_name_500
