student_301,first_name_301,last_name_301
student_302,first_name_302,last_name_302
student_303,first_name_303,last_name_303
student_304,first_name_304,last_name_304
student_305,first_name_305,last_name_305
student_306,first_name_306,last_name_306
student_307,first_name_307,last_name_307
student_308,first_name_308,last_name_308
student_309,first_name_309,last_name_309
student_310,first_name_310,last_name_310
student_311,first_name_311,last_name_311
student_312,first_name_312,last_name_312
student_313,first_name_313,last_name_313
student_314,first_name_314,last_name_314
student_315,first_name_315,last_name_315
student_316,first_name_316,last_name_316
student_317,first_name_317,last_name_317
student_318,first_name_318,last_name_318
student_319,first_name_319,last_name_319
student_320,first_name_320,last_name_320
student_321,first_name_321,last_name_321
student_322,first_name_322,last_name_322
student_323,first_name_323,last_name_323
student_324,first_name_324,last_name_324
student_325,first_name_325,last_name_325
student_326,first_name_326,last_name_326
student_327,first_name_327,last_name_327
student_328,first_name_328,last_name_328
student_329,first_name_329,last_name_329
student_330,first_name_330,last_name_330
student_331,first_name_331,last_name_331
student_332,first_name_332,last_name_332
student_333,first_name_333,last_name_333
student_334,first_name_334,last_name_334
student_335,first_name_335,last_name_335
student_336,first_name_336,last_name_336
student_337,first_name_337,last_name_337
student_338,first_name_338,last_name_338
student_339,first_name_339,last_name_339
student_340,first_name_340,last_name_340
student_341,first_name_341,last_name_341
student_342,first_name_342,last_name_342
student_343,first_name_343,last_name_343
student_344,first_name_344,last_name_344
student_345,first_name_345,last_name_345
student_346,first_name_346,last_name_346
student_347,first_name_347,last_name_347
student_348,first_name_348,last_name_348
student_349,first_name_349,last_name_349
student_350,first_name_350,last_name_350
student_351,first_name_351,last_name_351
student_352,first_name_352,last_name_352
student_353,first_name_353,last_name_353
student_354,first_name_354,last_name_354
student_355,first_name_355,last_name_355
student_356,first_name_356,last_name_356
student_357,first_name_357,last_name_357
student_358,first_name_358,last_name_358
student_359,first_name_359,last_name_359
student_360,first_name_360,last_name_360
student_361,first_name_361,last_name_361
student_362,first_name_362,last_name_362
student_363,first_name_363,last_name_363
student_364,first_name_364,last_name_364
student_365,first_name_365,last_name_365
student_366,first_name_366,last_name_366
student_367,first_name_367,last_name_367
student_368,first_name_368,last_name_368
student_369,first_name_369,last_name_369
student_370,first_name_370,last_name_370
student_371,first_name_371,last_name_371
student_372,first_name_372,last_name_372
student_373,first_name_373,last_name_373
student_374,first_name_374,last_name_374
student_375,first_name_375,last_name_375
student_376,first_name_376,last_name_376
student_377,first_name_377,last_name_377
student_378,first_name_378,last_name_378
student_379,first_name_379,last_name_379
student_380,first_name_380,last_name_380
student_381,first_name_381,last_name_381
student_382,first_name_382,last_name_382
student_383,first_name_383,last_name_383
student_384,first_name_384,last_name_384
student_385,first_name_385,last_name_385
student_386,first_name_386,last_name_386
student_387,first_name_387,last_name_387
student_388,first_name_388,last_name_388
student_389,first_name_389,last_name_389
student_390,first_name_390,last_name_390
student_391,first_name_391,last_name_391
student_392,first_name_392,last_name_392
student_393,first_name_393,last_name_393
student_394,first_name_394,last_name_394
student_395,first_name_395,last_name_395
student_396,first_name_396,last_name_396
student_397,first_name_397,last_name_397
student_398,first_name_398,last_name_398
student_399,first_name_399,last_name_399
student_400,first_name_400,last_name_400
